<assembly xmlns="http://maven.apache.org/plugins/maven-assembly-plugin/assembly/1.1.2"
          xmlns:xsi="http://www.w3.org/2001/XMLSchema-instance"
          xsi:schemaLocation="http://maven.apache.org/plugins/maven-assembly-plugin/assembly/1.1.2
                              https://maven.apache.org/xsd/assembly-1.1.2.xsd">
  <id>dist</id>
  <formats>
    <format>zip</format>
  </formats>
  <includeBaseDirectory>true</includeBaseDirectory>
  <fileSets>
    <!-- JAR principal du module -->
    <fileSet>
      <directory>${project.build.directory}</directory>
      <outputDirectory>/</outputDirectory>
      <includes>
        <include>${project.build.finalName}.jar</include>
      </includes>
    </fileSet>
    <!-- Dépendance interne : core -->
    <fileSet>
      <directory>../core/target</directory>
      <outputDirectory>lib</outputDirectory>
      <includes>
        <include>core-*.jar</include>
      </includes>
    </fileSet>
    <!-- Dépendance interne : model -->
    <fileSet>
      <directory>../model/target</directory>
      <outputDirectory>lib</outputDirectory>
      <includes>
        <include>model-*.jar</include>
      </includes>
    </fileSet>
  </fileSets>
</assembly>
