<assembly xmlns="http://maven.apache.org/plugins/maven-assembly-plugin/assembly/1.1.3"
  xmlns:xsi="http://www.w3.org/2001/XMLSchema-instance"
  xsi:schemaLocation="http://maven.apache.org/plugins/maven-assembly-plugin/assembly/1.1.3 https://maven.apache.org/xsd/assembly-1.1.3.xsd">
  <id>package</id>
  <formats>
    <format>zip</format>
  </formats>
  <includeBaseDirectory>false</includeBaseDirectory>
  <dependencySets>
    <dependencySet>
      <outputDirectory>/</outputDirectory>
      <useTransitiveDependencies>false</useTransitiveDependencies>
      <unpack>false</unpack>
      <scope>compile</scope>
      <outputFileNameMapping>${artifact.artifactId}.jar</outputFileNameMapping>
    </dependencySet>
  </dependencySets>
  <files>
    <file>
      <source>${project.basedir}/manifest.json</source>
    </file>
  </files>
</assembly>
