
<assembly xmlns="http://maven.apache.org/plugins/maven-assembly-plugin/assembly/1.1.2"
          xmlns:xsi="http://www.w3.org/2001/XMLSchema-instance"
          xsi:schemaLocation="http://maven.apache.org/plugins/maven-assembly-plugin/assembly/1.1.2 
          https://maven.apache.org/xsd/assembly-1.1.2.xsd">
  <id>dist</id>
  <formats>
    <format>zip</format>
  </formats>
  <includeBaseDirectory>true</includeBaseDirectory>
  <files>
    <file>
      <source>${project.build.directory}/${project.build.finalName}.jar</source>
      <outputDirectory>/</outputDirectory>
      <destName>main.jar</destName>
    </file>
    <file>
      <source>../core/target/core-1.0.0.jar</source>
      <outputDirectory>lib</outputDirectory>
      <destName>core.jar</destName>
    </file>
    <file>
      <source>../model/target/model-1.0.0.jar</source>
      <outputDirectory>lib</outputDirectory>
      <destName>model.jar</destName>
    </file>
    <file>
      <source>${project.build.directory}/manifest.json</source>
      <outputDirectory>/</outputDirectory>
    </file>
  </files>
</assembly>
