<assembly xmlns="http://maven.apache.org/plugins/maven-assembly-plugin/assembly/1.1.2"
          xmlns:xsi="http://www.w3.org/2001/XMLSchema-instance"
          xsi:schemaLocation="http://maven.apache.org/plugins/maven-assembly-plugin/assembly/1.1.2 https://maven.apache.org/xsd/assembly-1.1.2.xsd">
  <id>package</id>
  <formats>
    <format>zip</format>
  </formats>
  <includeBaseDirectory>false</includeBaseDirectory>

  <fileSets>
    <fileSet>
      <directory>../module-core/target</directory>
      <includes>
        <include>*.jar</include>
      </includes>
      <outputDirectory>/</outputDirectory>
      <outputFileNameMapping>core.jar</outputFileNameMapping>
    </fileSet>

    <fileSet>
      <directory>../module-model/target</directory>
      <includes>
        <include>*.jar</include>
      </includes>
      <outputDirectory>/</outputDirectory>
      <outputFileNameMapping>model.jar</outputFileNameMapping>
    </fileSet>

    <fileSet>
      <directory>${project.build.directory}</directory>
      <includes>
        <include>${project.build.finalName}.jar</include>
      </includes>
      <outputDirectory>/</outputDirectory>
      <outputFileNameMapping>main.jar</outputFileNameMapping>
    </fileSet>

    <fileSet>
      <directory>${project.basedir}</directory>
      <includes>
        <include>manifest.json</include>
      </includes>
      <outputDirectory>/</outputDirectory>
    </fileSet>
  </fileSets>
</assembly>
